salt-tax-ref	distribution	-	remarks	-	tissue	sample	diploid	formula	arm_num	chrom_length	sex_chrom	staining
Common names
Synonyms
ITIS
CoL
Cloffa
Cypriniformes
Cyprinidae
Ecology
Countries
FAO areas
Ecosystems
Occurrences
Introductions
Faunafri
Morphology
Morphometrics
Maturity
Reproduction
Spawning
Eggs
Fecundity
Larvae

Upload your references | References | Coordinator | Collaborators 
Upload your references
References
Collaborators
Countries
FAO areas
Ecosystems
Occurrences
Introductions
Stocks
Ecology
Diet
Food items
Food consumption
Ration
Common names
Synonyms
Metabolism
Predators
Ecotoxicology
Reproduction
Maturity
Spawning
Spawning aggregation
Fecundity
Eggs
Egg development
Age/Size
Growth
Length-weight
Length-length
Length-frequencies
Morphometrics
Morphology
Larvae
Larval dynamics
Recruitment
Abundance
References
Aquaculture
Aquaculture profile
Strains
Genetics
Allele frequencies
Heritability
Diseases
Processing
Mass conversion
Collaborators
Pictures
Stamps, Coins Misc.
Sounds
Ciguatera
Speed
Swim. type
Gill area
Otoliths
Brains
Vision
E-book
Field guide
Identification keys
Length-frequency wizard
Life-history tool
Point map
Catch-MSY
Check for Aquarium maintenance
Check for Species Fact Sheets
Check for Aquaculture Fact Sheets
Summary page
Point data
Common names
Photos
Alien/Invasive Species database
BHL
Cloffa
Websites from users
Check FishWatcher
CISTI
DiscoverLife
ECOTOX
Faunafri
Fishtrace
genome
nucleotide
Google Books
Google Scholar
Google
MitoFish
PubMed
Tree of Life
Go
Search
Zoological Record
